<publishData>
  <publishTarget publishUrl="F:\Projects\TrackMyFile\Publish\TrackMyFile\">
    <file relUrl="bin/TrackMyFile.dll" publishTime="07/30/2015 11:09:35" />
    <file relUrl="bin/BusinessLayer.pdb" publishTime="07/27/2015 17:15:23" />
    <file relUrl="bin/Entity.dll" publishTime="07/27/2015 17:15:22" />
    <file relUrl="Main.Master" publishTime="06/24/2015 13:54:22" />
    <file relUrl="JS/jquery.placeholder.min.js" publishTime="05/15/2015 11:07:03" />
    <file relUrl="Stylesheet/icon_Back.png" publishTime="05/15/2015 11:07:03" />
    <file relUrl="Webforms/ManageUsers.aspx" publishTime="07/02/2015 16:53:20" />
    <file relUrl="Stylesheet/grd_head.png" publishTime="05/15/2015 11:07:03" />
    <file relUrl="Stylesheet/imgStatus.png" publishTime="07/03/2015 15:44:24" />
    <file relUrl="bin/Entity.pdb" publishTime="07/27/2015 17:15:22" />
    <file relUrl="Stylesheet/minus.png" publishTime="05/15/2015 11:07:03" />
    <file relUrl="Stylesheet/imgView.png" publishTime="05/18/2015 14:07:57" />
    <file relUrl="Webforms/AddEditBranchMaster.aspx" publishTime="05/15/2015 11:29:38" />
    <file relUrl="Stylesheet/icon_Archive.png" publishTime="07/06/2015 10:35:16" />
    <file relUrl="Webforms/AddEditFileMaster.aspx" publishTime="07/28/2015 11:33:44" />
    <file relUrl="Stylesheet/grd_alt.png" publishTime="05/15/2015 11:07:03" />
    <file relUrl="Stylesheet/grd_pgr.png" publishTime="05/15/2015 11:07:03" />
    <file relUrl="Stylesheet/plus.png" publishTime="05/15/2015 11:07:03" />
    <file relUrl="Stylesheet/Tooltip.gif" publishTime="05/15/2015 11:07:03" />
    <file relUrl="bin/AjaxControlToolkit.dll" publishTime="01/16/2014 11:30:44" />
    <file relUrl="Webforms/ChangePassword.aspx" publishTime="07/13/2015 12:41:43" />
    <file relUrl="JS/script.js" publishTime="05/15/2015 11:07:03" />
    <file relUrl="Stylesheet/imgDownload.png" publishTime="05/18/2015 14:07:07" />
    <file relUrl="Stylesheet/drop-down-arrow.png" publishTime="05/19/2015 17:16:26" />
    <file relUrl="Web.config" publishTime="07/28/2015 11:20:39" />
    <file relUrl="Webforms/BackUpDB.aspx" publishTime="07/28/2015 11:27:10" />
    <file relUrl="Stylesheet/Main.css" publishTime="05/20/2015 16:36:49" />
    <file relUrl="Favicon.ico" publishTime="05/15/2015 11:07:19" />
    <file relUrl="Controls/ctrUsrInfo.ascx" publishTime="05/20/2015 16:32:40" />
    <file relUrl="Login.aspx" publishTime="06/15/2015 12:06:02" />
    <file relUrl="JS/modernizr.custom.63321.js" publishTime="05/15/2015 11:07:03" />
    <file relUrl="Webforms/ManageFileNumPrefixSetup.aspx" publishTime="05/15/2015 15:29:57" />
    <file relUrl="bin/DataAccess.pdb" publishTime="07/27/2015 17:15:22" />
    <file relUrl="Stylesheet/User.png" publishTime="05/15/2015 11:07:03" />
    <file relUrl="Stylesheet/FileMovement.png" publishTime="05/19/2015 16:56:16" />
    <file relUrl="bin/DataAccess.dll" publishTime="07/27/2015 17:15:22" />
    <file relUrl="JS/jquery.min.js" publishTime="05/15/2015 11:07:03" />
    <file relUrl="bin/TrackMyFile.pdb" publishTime="07/30/2015 11:09:35" />
    <file relUrl="Stylesheet/default.css" publishTime="05/15/2015 11:07:03" />
    <file relUrl="Webforms/FileMoveOfficials.aspx" publishTime="06/25/2015 13:27:14" />
    <file relUrl="Home.aspx" publishTime="05/15/2015 10:17:48" />
    <file relUrl="Stylesheet/icon_Send.png" publishTime="06/29/2015 11:12:23" />
    <file relUrl="Webforms/FileMasterList.aspx" publishTime="06/29/2015 10:55:11" />
    <file relUrl="Webforms/FileMovements.aspx" publishTime="07/13/2015 16:55:33" />
    <file relUrl="Webforms/AddEditDeptMaster.aspx" publishTime="05/15/2015 11:57:51" />
    <file relUrl="Webforms/AddEditFileMasterGeneral.aspx" publishTime="07/30/2015 11:16:47" />
    <file relUrl="Stylesheet/Delete.png" publishTime="05/15/2015 11:07:03" />
    <file relUrl="Stylesheet/style.css" publishTime="05/15/2015 11:07:03" />
    <file relUrl="bin/BusinessLayer.dll" publishTime="07/27/2015 17:15:23" />
    <file relUrl="Webforms/ManageFileMovements.aspx" publishTime="07/02/2015 16:51:34" />
    <file relUrl="Webforms/SearchFile.aspx" publishTime="07/03/2015 14:07:35" />
    <file relUrl="Stylesheet/edit.png" publishTime="05/19/2015 16:47:56" />
    <file relUrl="Webforms/ADMFileListMovement.aspx" publishTime="07/06/2015 10:37:56" />
    <file relUrl="Stylesheet/icon_DB.png" publishTime="07/28/2015 10:48:23" />
  </publishTarget>
</publishData>