<?xml version="1.0" encoding="UTF-8"?><?xml-stylesheet type='text/xsl' href='_UpgradeReport_Files/UpgradeReport.xslt'?><UpgradeLog>
<Properties><Property Name="Solution" Value="TrackMyFile">
</Property><Property Name="Solution File" Value="D:\Workings\Projects\TrackMyFile\Website\TrackMyFile\TrackMyFile.sln">
</Property><Property Name="Date" Value="Friday, September 11, 2015">
</Property><Property Name="Time" Value="21:41 PM">
</Property></Properties><Event ErrorLevel="0" Project="TrackMyFile" Source="TrackMyFile\TrackMyFile.csproj" Description="Project converted successfully">
</Event><Event ErrorLevel="3" Project="TrackMyFile" Source="TrackMyFile\TrackMyFile.csproj" Description="Converted">
</Event><Event ErrorLevel="4" Project="Entity" Source="http://go.microsoft.com/fwlink/?LinkId=159919" Description="Warning: this project requires Crystal Reports, which is no longer included with Visual Studio. Please click here for more information.">
</Event><Event ErrorLevel="0" Project="Entity" Source="Entity\Entity.csproj" Description="Project converted successfully">
</Event><Event ErrorLevel="3" Project="Entity" Source="Entity\Entity.csproj" Description="Converted">
</Event><Event ErrorLevel="0" Project="DataAccess" Source="DataAccess\DataAccess.csproj" Description="Project converted successfully">
</Event><Event ErrorLevel="3" Project="DataAccess" Source="DataAccess\DataAccess.csproj" Description="Converted">
</Event><Event ErrorLevel="0" Project="BusinessLayer" Source="BusinessLayer\BusinessLayer.csproj" Description="Project converted successfully">
</Event><Event ErrorLevel="3" Project="BusinessLayer" Source="BusinessLayer\BusinessLayer.csproj" Description="Converted">
</Event><Event ErrorLevel="0" Project="" Source="TrackMyFile.sln" Description="Solution converted successfully">
</Event><Event ErrorLevel="3" Project="" Source="TrackMyFile.sln" Description="Converted">
</Event><Event ErrorLevel="0" Project="TrackMyFile" Source="TrackMyFile\TrackMyFile.csproj" Description="Scan complete: Upgrade not required for project files.">
</Event><Event ErrorLevel="0" Project="Entity" Source="Entity\Entity.csproj" Description="Scan complete: Upgrade not required for project files.">
</Event><Event ErrorLevel="0" Project="DataAccess" Source="DataAccess\DataAccess.csproj" Description="Scan complete: Upgrade not required for project files.">
</Event><Event ErrorLevel="0" Project="BusinessLayer" Source="BusinessLayer\BusinessLayer.csproj" Description="Scan complete: Upgrade not required for project files.">
</Event></UpgradeLog>